id;name;address;email;phone;website;active
1;à l'exception de agréable esquisser;chef puisque novice;Auxence.Marty82@gmail.com;+33 684782034;amorcer multiple de sorte que;false
2;tolérer parce que au-dessous de;terriblement tellement;Elisabeth_Duval48@gmail.com;+33 340874663;alors que;false
3;hôte entre inspecter;clac ah;Capucine.Bonnet0@gmail.com;+33 149713237;terriblement toutefois compromettre;true
4;de manière à ce que susciter;freiner dissimuler;Anicette_Maillard91@yahoo.fr;+33 793337796;diviser louer;true
5;assez main-d’œuvre hier;dans la mesure où;Laurine.Olivier@gmail.com;0509250140;ficher vlan;true
6;vite développer;gens smack personnel;Amethyste.Pons@yahoo.fr;0442248149;serviable;false
7;présidence athlète tant;mature;Jourdain_Huet91@hotmail.fr;0110661681;vraiment;false
8;avant que figurer;à partir de;Rejeanne49@yahoo.fr;+33 411605748;malade mince bousculer;false
9;vroum posséder dès que;au cas où différencier proche;Severine.Meunier27@yahoo.fr;+33 268976386;parlementaire diriger;true
10;redouter insipide;broum de manière à ce que en bas de;Anatole.Brunet@hotmail.fr;+33 267371602;a ci parlementaire;true
